use employees_db;

insert into department (id, name) value
(1, "Sales"),
(2, "Customer Service"),
(3, "Finance"),
(4, "Legal"),
(5, "IT"),
(6, "Human Resources"),
(7, "Purchasing"),
(8, "Security"),
(9, "Research & Development"),
(10, "Marketing"),
(11, "Operations");

insert into role (title, salary, department_id) value
("Sales Representative", 50000, 1 ),
("Sales Lead", 65000, 1),
("Account Manager", 74000, 1),
("Customer Service Rep", 48000, 2),
("Account Coordinator", 50000, 2),
("Customer Service Manager", 55000, 2),
("Junior Financial Analyst", 70000, 3),
("Senior Financial Analyst", 130000, 3),
("Accountant", 100000, 3),
("Legal Assistant", 70000, 4),
("Paralegal", 80000, 4),
("Attorney", 150000, 4),
("Junior Developer" , 70000, 5),
("Software Engineer", 100000, 5),
("Technical Program Manager", 160000, 5),
("Recruiter", 45000, 6),
("HR Generalist", 68000, 6),
("HR Director", 82000, 6),
("Procurement Analyst", 50000, 7),
("Buyer", 70000, 7),
("Purchasing Manager", 140000, 7),
("Security Specialist", 50000, 8),
("Security Analyst", 76000, 8),
("Security Manager", 96000, 8),
("Data Analyst", 80000, 9),
("Data Scientist", 110000, 9),
("Research Manager", 180000, 9),
("Marketing Assistant", 40000, 10),
("Marketing Researcher", 80000, 10),
("Product Marketing Manager", 120000, 10),
("Operations Assistant", 40000, 11),
("Operations Analyst", 70000, 11),
("Strategy & Operations Manager", 120000, 11);

insert into employee (first_name, last_name, role_id, manager_id) values
("Ervin", "Washington", 3, null),
("Jean", "Barnett", 6, null),
("Everett", "Torres", 9, null),
("Craig", "Saunders", 12, null),
("Duane", "Fleming", 15, null),
("Maria", "Griffith", 18, null),
("Darrin", "Hughes", 21, null),
("Lyle", "Cobb", 24, null),
("Joshua", "Davis", 27, null),
("Lora", "Long", 30, null),
("Ian", "Neal", 33, null);